model,avg_RMSE,avg_MAE,avg_R2,avg_MAPE(%),avg_sMAPE(%)
CNN_LSTM,459.32896957882764,320.34415859646265,0.7543759627474679,14.216583734708443,14.059346680537665
