model,avg_RMSE,avg_MAE,avg_R2,avg_MAPE(%),avg_sMAPE(%)
CNN_LSTM,549.7742843669339,357.42807896931964,0.6526695142189661,14.903634322371792,15.684185024950764
